[
    {
        "name": "Marion",
        "surname": "Hernandez",
        "integer": "93",
        "city": "New York"
},
    {
        "name": "Leah",
        "surname": "Wang",
        "integer": "28",
        "city": "Temple"
},
    {
        "name": "Geraldine",
        "surname": "Hubbard",
        "integer": "28",
        "city": "Newberg"
},
    {
        "name": "Keith",
        "surname": "Webb",
        "integer": "15",
        "city": "Abbeville"
},
    {
        "name": "Jeanette",
        "surname": "Robertson",
        "integer": "93",
        "city": "Morristown"
},
    {
        "name": "Raymond",
        "surname": "Franklin",
        "integer": "27",
        "city": "Bryan"
},
    {
        "name": "Laura",
        "surname": "Vaughan",
        "integer": "47",
        "city": "Babylon"
},
    {
        "name": "Patrick",
        "surname": "Gunter",
        "integer": "63",
        "city": "West Des Moines "
},
    {
        "name": "Max",
        "surname": "McCall",
        "integer": "75",
        "city": "Haddonfield"
},
    {
        "name": "Randall",
        "surname": "Thomas",
        "integer": "41",
        "city": "Buckhannon"
},
    {
        "name": "Sidney",
        "surname": "Underwood",
        "integer": "60",
        "city": "Keokuk"
},
    {
        "name": "Lester",
        "surname": "Marks",
        "integer": "94",
        "city": "Ottawa"
},
    {
        "name": "Dennis",
        "surname": "Bunn",
        "integer": "37",
        "city": "Aberdeen"
},
    {
        "name": "Karl",
        "surname": "Ayers",
        "integer": "16",
        "city": "Cuyahoga Falls"
},
    {
        "name": "Lester",
        "surname": "Stanley",
        "integer": "24",
        "city": "Henderson"
},
    {
        "name": "Edwin",
        "surname": "McKenzie",
        "integer": "66",
        "city": "Santa Ana"
},
    {
        "name": "Dana",
        "surname": "McMahon",
        "integer": "95",
        "city": "Port Lavaca"
},
    {
        "name": "Edna",
        "surname": "Heller",
        "integer": "20",
        "city": "Oregon City"
},
    {
        "name": "Lynn",
        "surname": "Honeycutt",
        "integer": "64",
        "city": "Belleville"
},
    {
        "name": "Elaine",
        "surname": "Lucas",
        "integer": "17",
        "city": "Buena Park"
},
    {
        "name": "Glenda",
        "surname": "Lawson",
        "integer": "67",
        "city": "Cushing"
},
    {
        "name": "Bonnie",
        "surname": "Mangum",
        "integer": "50",
        "city": "Wellsburg"
},
    {
        "name": "Brooke",
        "surname": "Weiner",
        "integer": "51",
        "city": "Oshkosh"
},
    {
        "name": "Leroy",
        "surname": "Huffman",
        "integer": "19",
        "city": "Ishpeming"
},
    {
        "name": "Claude",
        "surname": "Steele",
        "integer": "18",
        "city": "Osawatomie"
},
    {
        "name": "Patrick",
        "surname": "Berger",
        "integer": "27",
        "city": "Lakewood"
},
    {
        "name": "Ralph",
        "surname": "Owens",
        "integer": "21",
        "city": "Davenport"
},
    {
        "name": "Emily",
        "surname": "Richardson",
        "integer": "29",
        "city": "Hutchinson"
},
    {
        "name": "Tim",
        "surname": "Schultz",
        "integer": "31",
        "city": "Dennis"
},
    {
        "name": "Ronald",
        "surname": "Byrne",
        "integer": "67",
        "city": "Amesbury"
},
    {
        "name": "Jon",
        "surname": "Burgess",
        "integer": "90",
        "city": "Barbourville"
},
    {
        "name": "Alison",
        "surname": "Quinn",
        "integer": "52",
        "city": "Rotterdam"
},
    {
        "name": "Wendy",
        "surname": "Sharpe",
        "integer": "56",
        "city": "Sweetwater"
},
    {
        "name": "Crystal",
        "surname": "Silverman",
        "integer": "18",
        "city": "jMontrose"
},
    {
        "name": "Veronica",
        "surname": "Boyd",
        "integer": "19",
        "city": "Laconia"
},
    {
        "name": "Leslie",
        "surname": "Adcock",
        "integer": "59",
        "city": "Portage"
},
    {
        "name": "Jacob",
        "surname": "Durham",
        "integer": "88",
        "city": "Tonawanda"
},
    {
        "name": "Nathan",
        "surname": "Watts",
        "integer": "11",
        "city": "Ipswich"
},
    {
        "name": "Pauline",
        "surname": "Proctor",
        "integer": "16",
        "city": "Lakehurst"
},
    {
        "name": "Don",
        "surname": "Peterson",
        "integer": "92",
        "city": "Adrian"
},
    {
        "name": "Julia",
        "surname": "Schultz",
        "integer": "64",
        "city": "Shelton"
},
    {
        "name": "Lester",
        "surname": "Schultz",
        "integer": "72",
        "city": "Haverhill"
},
    {
        "name": "Alice",
        "surname": "Starr",
        "integer": "16",
        "city": "Barre"
},
    {
        "name": "Tracy",
        "surname": "McClure",
        "integer": "51",
        "city": "Abilene"
},
    {
        "name": "Lorraine",
        "surname": "Chu",
        "integer": "30",
        "city": "Waycross"
},
    {
        "name": "Betsy",
        "surname": "Cooke",
        "integer": "14",
        "city": "Ipswich"
},
    {
        "name": "Lorraine",
        "surname": "Harrell",
        "integer": "13",
        "city": "Tonawanda"
},
    {
        "name": "Jimmy",
        "surname": "Pickett",
        "integer": "12",
        "city": "Adrian"
},
    {
        "name": "Chris",
        "surname": "Kay",
        "integer": "35",
        "city": "Haverhill"
},
    {
        "name": "Joann",
        "surname": "Goldberg",
        "integer": "25",
        "city": "Abilene"
}
]
